{
    "p": 1.39011,
    "a": 1.39016,
    "b": 1.39006,
    "s": "GBP/USD",
    "t": 1625864399283
}

