{
    "p": 1.18741,
    "a": 1.18746,
    "b": 1.18736,
    "s": "GBP/USD",
    "t": 1625864399258
}
